timestamp,round_num,source_node,target_node,transfer_type,param_summary,strategy_name
1753387046.3810358,1,0,19,parameter_transfer,"{'norm': 3.374774694442749, 'mean': 0.007567206863313913, 'std': 0.11456252634525299}",
1753387046.3810358,1,0,1,parameter_transfer,"{'norm': 3.374774694442749, 'mean': 0.007567206863313913, 'std': 0.11456252634525299}",
1753387046.3811383,1,1,0,parameter_transfer,"{'norm': 3.360752582550049, 'mean': 0.006677801255136728, 'std': 0.11413995921611786}",
1753387046.3811383,1,1,2,parameter_transfer,"{'norm': 3.360752582550049, 'mean': 0.006677801255136728, 'std': 0.11413995921611786}",
1753387046.381172,1,2,1,parameter_transfer,"{'norm': 3.3553547859191895, 'mean': 0.00714827561751008, 'std': 0.1139274537563324}",
1753387046.381172,1,2,3,parameter_transfer,"{'norm': 3.3553547859191895, 'mean': 0.00714827561751008, 'std': 0.1139274537563324}",
1753387046.3812013,1,3,2,parameter_transfer,"{'norm': 3.3553547859191895, 'mean': 0.00714827561751008, 'std': 0.1139274537563324}",
1753387046.3812013,1,3,4,parameter_transfer,"{'norm': 3.3553547859191895, 'mean': 0.00714827561751008, 'std': 0.1139274537563324}",
1753387046.3812275,1,4,3,parameter_transfer,"{'norm': 3.3553547859191895, 'mean': 0.00714827561751008, 'std': 0.1139274537563324}",
1753387046.3812275,1,4,5,parameter_transfer,"{'norm': 3.3553547859191895, 'mean': 0.00714827561751008, 'std': 0.1139274537563324}",
1753387046.3812535,1,5,4,parameter_transfer,"{'norm': 3.363150119781494, 'mean': 0.0073287696577608585, 'std': 0.11418172717094421}",
1753387046.3812535,1,5,6,parameter_transfer,"{'norm': 3.363150119781494, 'mean': 0.0073287696577608585, 'std': 0.11418172717094421}",
1753387046.38128,1,6,5,parameter_transfer,"{'norm': 3.3711376190185547, 'mean': 0.007359731011092663, 'std': 0.11445204168558121}",
1753387046.38128,1,6,7,parameter_transfer,"{'norm': 3.3711376190185547, 'mean': 0.007359731011092663, 'std': 0.11445204168558121}",
1753387046.381306,1,7,6,parameter_transfer,"{'norm': 3.365431070327759, 'mean': 0.00738437520340085, 'std': 0.11425591260194778}",
1753387046.381306,1,7,8,parameter_transfer,"{'norm': 3.365431070327759, 'mean': 0.00738437520340085, 'std': 0.11425591260194778}",
1753387046.3813307,1,8,7,parameter_transfer,"{'norm': 3.3553547859191895, 'mean': 0.00714827561751008, 'std': 0.1139274537563324}",
1753387046.3813307,1,8,9,parameter_transfer,"{'norm': 3.3553547859191895, 'mean': 0.00714827561751008, 'std': 0.1139274537563324}",
1753387046.3813543,1,9,8,parameter_transfer,"{'norm': 3.363344669342041, 'mean': 0.0072698346339166164, 'std': 0.11419213563203812}",
1753387046.3813543,1,9,10,parameter_transfer,"{'norm': 3.363344669342041, 'mean': 0.0072698346339166164, 'std': 0.11419213563203812}",
1753387046.3813777,1,10,9,parameter_transfer,"{'norm': 3.3553547859191895, 'mean': 0.00714827561751008, 'std': 0.1139274537563324}",
1753387046.3813777,1,10,11,parameter_transfer,"{'norm': 3.3553547859191895, 'mean': 0.00714827561751008, 'std': 0.1139274537563324}",
1753387046.3814125,1,11,10,parameter_transfer,"{'norm': 3.356050729751587, 'mean': 0.006843901239335537, 'std': 0.11396985501050949}",
1753387046.3814125,1,11,12,parameter_transfer,"{'norm': 3.356050729751587, 'mean': 0.006843901239335537, 'std': 0.11396985501050949}",
1753387046.3814392,1,12,11,parameter_transfer,"{'norm': 3.3838083744049072, 'mean': 0.006565599702298641, 'std': 0.114932119846344}",
1753387046.3814392,1,12,13,parameter_transfer,"{'norm': 3.3838083744049072, 'mean': 0.006565599702298641, 'std': 0.114932119846344}",
1753387046.3814633,1,13,12,parameter_transfer,"{'norm': 3.360544443130493, 'mean': 0.0070709604769945145, 'std': 0.11410917341709137}",
1753387046.3814633,1,13,14,parameter_transfer,"{'norm': 3.360544443130493, 'mean': 0.0070709604769945145, 'std': 0.11410917341709137}",
1753387046.3814871,1,14,13,parameter_transfer,"{'norm': 3.366142988204956, 'mean': 0.007183080073446035, 'std': 0.11429300904273987}",
1753387046.3814871,1,14,15,parameter_transfer,"{'norm': 3.366142988204956, 'mean': 0.007183080073446035, 'std': 0.11429300904273987}",
1753387046.3815105,1,15,14,parameter_transfer,"{'norm': 3.3553547859191895, 'mean': 0.00714827561751008, 'std': 0.1139274537563324}",
1753387046.3815105,1,15,16,parameter_transfer,"{'norm': 3.3553547859191895, 'mean': 0.00714827561751008, 'std': 0.1139274537563324}",
1753387046.3815355,1,16,15,parameter_transfer,"{'norm': 3.363236427307129, 'mean': 0.007338988594710827, 'std': 0.11418402194976807}",
1753387046.3815355,1,16,17,parameter_transfer,"{'norm': 3.363236427307129, 'mean': 0.007338988594710827, 'std': 0.11418402194976807}",
1753387046.3815618,1,17,16,parameter_transfer,"{'norm': 3.3553547859191895, 'mean': 0.00714827561751008, 'std': 0.1139274537563324}",
1753387046.3815618,1,17,18,parameter_transfer,"{'norm': 3.3553547859191895, 'mean': 0.00714827561751008, 'std': 0.1139274537563324}",
1753387046.3815868,1,18,17,parameter_transfer,"{'norm': 3.3666703701019287, 'mean': 0.00738545460626483, 'std': 0.11429809778928757}",
1753387046.3815868,1,18,19,parameter_transfer,"{'norm': 3.3666703701019287, 'mean': 0.00738545460626483, 'std': 0.11429809778928757}",
1753387046.381612,1,19,18,parameter_transfer,"{'norm': 3.3553547859191895, 'mean': 0.00714827561751008, 'std': 0.1139274537563324}",
1753387046.381612,1,19,0,parameter_transfer,"{'norm': 3.3553547859191895, 'mean': 0.00714827561751008, 'std': 0.1139274537563324}",
1753387046.3816483,1,19,0,aggregation,,GossipAvg
1753387046.3816483,1,1,0,aggregation,,GossipAvg
1753387046.3816729,1,0,1,aggregation,,GossipAvg
1753387046.3816729,1,2,1,aggregation,,GossipAvg
1753387046.3816884,1,1,2,aggregation,,GossipAvg
1753387046.3816884,1,3,2,aggregation,,GossipAvg
1753387046.3817034,1,2,3,aggregation,,GossipAvg
1753387046.3817034,1,4,3,aggregation,,GossipAvg
1753387046.3817165,1,3,4,aggregation,,GossipAvg
1753387046.3817165,1,5,4,aggregation,,GossipAvg
1753387046.38173,1,4,5,aggregation,,GossipAvg
1753387046.38173,1,6,5,aggregation,,GossipAvg
1753387046.3817782,1,5,6,aggregation,,GossipAvg
1753387046.3817782,1,7,6,aggregation,,GossipAvg
1753387046.3817952,1,6,7,aggregation,,GossipAvg
1753387046.3817952,1,8,7,aggregation,,GossipAvg
1753387046.3818092,1,7,8,aggregation,,GossipAvg
1753387046.3818092,1,9,8,aggregation,,GossipAvg
1753387046.381822,1,8,9,aggregation,,GossipAvg
1753387046.381822,1,10,9,aggregation,,GossipAvg
1753387046.3818347,1,9,10,aggregation,,GossipAvg
1753387046.3818347,1,11,10,aggregation,,GossipAvg
1753387046.3818457,1,10,11,aggregation,,GossipAvg
1753387046.3818457,1,12,11,aggregation,,GossipAvg
1753387046.3818586,1,11,12,aggregation,,GossipAvg
1753387046.3818586,1,13,12,aggregation,,GossipAvg
1753387046.38187,1,12,13,aggregation,,GossipAvg
1753387046.38187,1,14,13,aggregation,,GossipAvg
1753387046.3818822,1,13,14,aggregation,,GossipAvg
1753387046.3818822,1,15,14,aggregation,,GossipAvg
1753387046.3818944,1,14,15,aggregation,,GossipAvg
1753387046.3818944,1,16,15,aggregation,,GossipAvg
1753387046.3819056,1,15,16,aggregation,,GossipAvg
1753387046.3819056,1,17,16,aggregation,,GossipAvg
1753387046.3819182,1,16,17,aggregation,,GossipAvg
1753387046.3819182,1,18,17,aggregation,,GossipAvg
1753387046.3819313,1,17,18,aggregation,,GossipAvg
1753387046.3819313,1,19,18,aggregation,,GossipAvg
1753387046.3819454,1,18,19,aggregation,,GossipAvg
1753387046.3819454,1,0,19,aggregation,,GossipAvg
1753387072.149556,2,0,19,parameter_transfer,"{'norm': 3.3693885803222656, 'mean': 0.007520831190049648, 'std': 0.11438193917274475}",
1753387072.149556,2,0,1,parameter_transfer,"{'norm': 3.3693885803222656, 'mean': 0.007520831190049648, 'std': 0.11438193917274475}",
1753387072.149626,2,1,0,parameter_transfer,"{'norm': 3.3630785942077637, 'mean': 0.006651339586824179, 'std': 0.1142207607626915}",
1753387072.149626,2,1,2,parameter_transfer,"{'norm': 3.3630785942077637, 'mean': 0.006651339586824179, 'std': 0.1142207607626915}",
1753387072.1496618,2,2,1,parameter_transfer,"{'norm': 3.3659136295318604, 'mean': 0.007197814527899027, 'std': 0.11428426206111908}",
1753387072.1496618,2,2,3,parameter_transfer,"{'norm': 3.3659136295318604, 'mean': 0.007197814527899027, 'std': 0.11428426206111908}",
1753387072.149693,2,3,2,parameter_transfer,"{'norm': 3.372025966644287, 'mean': 0.006467360071837902, 'std': 0.11453620344400406}",
1753387072.149693,2,3,4,parameter_transfer,"{'norm': 3.372025966644287, 'mean': 0.006467360071837902, 'std': 0.11453620344400406}",
1753387072.1497211,2,4,3,parameter_transfer,"{'norm': 3.3553709983825684, 'mean': 0.007206170819699764, 'std': 0.11392435431480408}",
1753387072.1497211,2,4,5,parameter_transfer,"{'norm': 3.3553709983825684, 'mean': 0.007206170819699764, 'std': 0.11392435431480408}",
1753387072.1497493,2,5,4,parameter_transfer,"{'norm': 3.3590087890625, 'mean': 0.007307368330657482, 'std': 0.11404192447662354}",
1753387072.1497493,2,5,6,parameter_transfer,"{'norm': 3.3590087890625, 'mean': 0.007307368330657482, 'std': 0.11404192447662354}",
1753387072.1497772,2,6,5,parameter_transfer,"{'norm': 3.367011070251465, 'mean': 0.007465422619134188, 'std': 0.11430451273918152}",
1753387072.1497772,2,6,7,parameter_transfer,"{'norm': 3.367011070251465, 'mean': 0.007465422619134188, 'std': 0.11430451273918152}",
1753387072.1498032,2,7,6,parameter_transfer,"{'norm': 3.360978126525879, 'mean': 0.0072046746499836445, 'std': 0.11411558836698532}",
1753387072.1498032,2,7,8,parameter_transfer,"{'norm': 3.360978126525879, 'mean': 0.0072046746499836445, 'std': 0.11411558836698532}",
1753387072.1498287,2,8,7,parameter_transfer,"{'norm': 3.372389554977417, 'mean': 0.00674055702984333, 'std': 0.11453284323215485}",
1753387072.1498287,2,8,9,parameter_transfer,"{'norm': 3.372389554977417, 'mean': 0.00674055702984333, 'std': 0.11453284323215485}",
1753387072.149854,2,9,8,parameter_transfer,"{'norm': 3.3556127548217773, 'mean': 0.007093857973814011, 'std': 0.11393965035676956}",
1753387072.149854,2,9,10,parameter_transfer,"{'norm': 3.3556127548217773, 'mean': 0.007093857973814011, 'std': 0.11393965035676956}",
1753387072.1498802,2,10,9,parameter_transfer,"{'norm': 3.3727688789367676, 'mean': 0.007360406685620546, 'std': 0.11450760811567307}",
1753387072.1498802,2,10,11,parameter_transfer,"{'norm': 3.3727688789367676, 'mean': 0.007360406685620546, 'std': 0.11450760811567307}",
1753387072.1499157,2,11,10,parameter_transfer,"{'norm': 3.3632538318634033, 'mean': 0.006781379226595163, 'std': 0.11421909183263779}",
1753387072.1499157,2,11,12,parameter_transfer,"{'norm': 3.3632538318634033, 'mean': 0.006781379226595163, 'std': 0.11421909183263779}",
1753387072.1499417,2,12,11,parameter_transfer,"{'norm': 3.3717586994171143, 'mean': 0.006605404429137707, 'std': 0.11451921612024307}",
1753387072.1499417,2,12,13,parameter_transfer,"{'norm': 3.3717586994171143, 'mean': 0.006605404429137707, 'std': 0.11451921612024307}",
1753387072.1499689,2,13,12,parameter_transfer,"{'norm': 3.363861560821533, 'mean': 0.006852124352008104, 'std': 0.11423557996749878}",
1753387072.1499689,2,13,14,parameter_transfer,"{'norm': 3.363861560821533, 'mean': 0.006852124352008104, 'std': 0.11423557996749878}",
1753387072.149994,2,14,13,parameter_transfer,"{'norm': 3.358903169631958, 'mean': 0.0070960791781544685, 'std': 0.11405166238546371}",
1753387072.149994,2,14,15,parameter_transfer,"{'norm': 3.358903169631958, 'mean': 0.0070960791781544685, 'std': 0.11405166238546371}",
1753387072.1500206,2,15,14,parameter_transfer,"{'norm': 3.356900930404663, 'mean': 0.007189273834228516, 'std': 0.1139775738120079}",
1753387072.1500206,2,15,16,parameter_transfer,"{'norm': 3.356900930404663, 'mean': 0.007189273834228516, 'std': 0.1139775738120079}",
1753387072.1500459,2,16,15,parameter_transfer,"{'norm': 3.357875108718872, 'mean': 0.0073675550520420074, 'std': 0.11399940401315689}",
1753387072.1500459,2,16,17,parameter_transfer,"{'norm': 3.357875108718872, 'mean': 0.0073675550520420074, 'std': 0.11399940401315689}",
1753387072.1501663,2,17,16,parameter_transfer,"{'norm': 3.357914686203003, 'mean': 0.007291325367987156, 'std': 0.11400565505027771}",
1753387072.1501663,2,17,18,parameter_transfer,"{'norm': 3.357914686203003, 'mean': 0.007291325367987156, 'std': 0.11400565505027771}",
1753387072.1501918,2,18,17,parameter_transfer,"{'norm': 3.3611934185028076, 'mean': 0.007329652551561594, 'std': 0.11411496996879578}",
1753387072.1501918,2,18,19,parameter_transfer,"{'norm': 3.3611934185028076, 'mean': 0.007329652551561594, 'std': 0.11411496996879578}",
1753387072.1502159,2,19,18,parameter_transfer,"{'norm': 3.357726812362671, 'mean': 0.007238860707730055, 'std': 0.11400259286165237}",
1753387072.1502159,2,19,0,parameter_transfer,"{'norm': 3.357726812362671, 'mean': 0.007238860707730055, 'std': 0.11400259286165237}",
1753387072.1502461,2,19,0,aggregation,,GossipAvg
1753387072.1502461,2,1,0,aggregation,,GossipAvg
1753387072.150266,2,0,1,aggregation,,GossipAvg
1753387072.150266,2,2,1,aggregation,,GossipAvg
1753387072.1502812,2,1,2,aggregation,,GossipAvg
1753387072.1502812,2,3,2,aggregation,,GossipAvg
1753387072.1502957,2,2,3,aggregation,,GossipAvg
1753387072.1502957,2,4,3,aggregation,,GossipAvg
1753387072.1503093,2,3,4,aggregation,,GossipAvg
1753387072.1503093,2,5,4,aggregation,,GossipAvg
1753387072.1503255,2,4,5,aggregation,,GossipAvg
1753387072.1503255,2,6,5,aggregation,,GossipAvg
1753387072.1503406,2,5,6,aggregation,,GossipAvg
1753387072.1503406,2,7,6,aggregation,,GossipAvg
1753387072.150354,2,6,7,aggregation,,GossipAvg
1753387072.150354,2,8,7,aggregation,,GossipAvg
1753387072.1503677,2,7,8,aggregation,,GossipAvg
1753387072.1503677,2,9,8,aggregation,,GossipAvg
1753387072.1503825,2,8,9,aggregation,,GossipAvg
1753387072.1503825,2,10,9,aggregation,,GossipAvg
1753387072.1503952,2,9,10,aggregation,,GossipAvg
1753387072.1503952,2,11,10,aggregation,,GossipAvg
1753387072.1504092,2,10,11,aggregation,,GossipAvg
1753387072.1504092,2,12,11,aggregation,,GossipAvg
1753387072.1504226,2,11,12,aggregation,,GossipAvg
1753387072.1504226,2,13,12,aggregation,,GossipAvg
1753387072.150436,2,12,13,aggregation,,GossipAvg
1753387072.150436,2,14,13,aggregation,,GossipAvg
1753387072.150449,2,13,14,aggregation,,GossipAvg
1753387072.150449,2,15,14,aggregation,,GossipAvg
1753387072.1504633,2,14,15,aggregation,,GossipAvg
1753387072.1504633,2,16,15,aggregation,,GossipAvg
1753387072.150504,2,15,16,aggregation,,GossipAvg
1753387072.150504,2,17,16,aggregation,,GossipAvg
1753387072.1505194,2,16,17,aggregation,,GossipAvg
1753387072.1505194,2,18,17,aggregation,,GossipAvg
1753387072.1505327,2,17,18,aggregation,,GossipAvg
1753387072.1505327,2,19,18,aggregation,,GossipAvg
1753387072.1505466,2,18,19,aggregation,,GossipAvg
1753387072.1505466,2,0,19,aggregation,,GossipAvg
1753387096.0516298,3,0,19,parameter_transfer,"{'norm': 3.3633694648742676, 'mean': 0.007143721450120211, 'std': 0.11420093476772308}",
1753387096.0516298,3,0,1,parameter_transfer,"{'norm': 3.3633694648742676, 'mean': 0.007143721450120211, 'std': 0.11420093476772308}",
1753387096.051702,3,1,0,parameter_transfer,"{'norm': 3.361694097518921, 'mean': 0.006976439617574215, 'std': 0.11415416747331619}",
1753387096.051702,3,1,2,parameter_transfer,"{'norm': 3.361694097518921, 'mean': 0.006976439617574215, 'std': 0.11415416747331619}",
1753387096.0517375,3,2,1,parameter_transfer,"{'norm': 3.365035057067871, 'mean': 0.0068638320080935955, 'std': 0.11427487432956696}",
1753387096.0517375,3,2,3,parameter_transfer,"{'norm': 3.365035057067871, 'mean': 0.0068638320080935955, 'std': 0.11427487432956696}",
1753387096.0517693,3,3,2,parameter_transfer,"{'norm': 3.36238431930542, 'mean': 0.006441900040954351, 'std': 0.11420910805463791}",
1753387096.0517693,3,3,4,parameter_transfer,"{'norm': 3.36238431930542, 'mean': 0.006441900040954351, 'std': 0.11420910805463791}",
1753387096.0517988,3,4,3,parameter_transfer,"{'norm': 3.3571321964263916, 'mean': 0.00709551153704524, 'std': 0.11399133503437042}",
1753387096.0517988,3,4,5,parameter_transfer,"{'norm': 3.3571321964263916, 'mean': 0.00709551153704524, 'std': 0.11399133503437042}",
1753387096.0518255,3,5,4,parameter_transfer,"{'norm': 3.3738315105438232, 'mean': 0.007106005679816008, 'std': 0.11455990374088287}",
1753387096.0518255,3,5,6,parameter_transfer,"{'norm': 3.3738315105438232, 'mean': 0.007106005679816008, 'std': 0.11455990374088287}",
1753387096.051852,3,6,5,parameter_transfer,"{'norm': 3.3606808185577393, 'mean': 0.007337374612689018, 'std': 0.114096999168396}",
1753387096.051852,3,6,7,parameter_transfer,"{'norm': 3.3606808185577393, 'mean': 0.007337374612689018, 'std': 0.114096999168396}",
1753387096.0518782,3,7,6,parameter_transfer,"{'norm': 3.3597891330718994, 'mean': 0.00728530203923583, 'std': 0.11406994611024857}",
1753387096.0518782,3,7,8,parameter_transfer,"{'norm': 3.3597891330718994, 'mean': 0.00728530203923583, 'std': 0.11406994611024857}",
1753387096.0519035,3,8,7,parameter_transfer,"{'norm': 3.3689558506011963, 'mean': 0.006908352021127939, 'std': 0.11440581828355789}",
1753387096.0519035,3,8,9,parameter_transfer,"{'norm': 3.3689558506011963, 'mean': 0.006908352021127939, 'std': 0.11440581828355789}",
1753387096.0519285,3,9,8,parameter_transfer,"{'norm': 3.362760305404663, 'mean': 0.007013870403170586, 'std': 0.11418822407722473}",
1753387096.0519285,3,9,10,parameter_transfer,"{'norm': 3.362760305404663, 'mean': 0.007013870403170586, 'std': 0.11418822407722473}",
1753387096.0519543,3,10,9,parameter_transfer,"{'norm': 3.363844156265259, 'mean': 0.007115066051483154, 'std': 0.11421890556812286}",
1753387096.0519543,3,10,11,parameter_transfer,"{'norm': 3.363844156265259, 'mean': 0.007115066051483154, 'std': 0.11421890556812286}",
1753387096.0519807,3,11,10,parameter_transfer,"{'norm': 3.364616870880127, 'mean': 0.006801094394177198, 'std': 0.1142643615603447}",
1753387096.0519807,3,11,12,parameter_transfer,"{'norm': 3.364616870880127, 'mean': 0.006801094394177198, 'std': 0.1142643615603447}",
1753387096.0520062,3,12,11,parameter_transfer,"{'norm': 3.3635900020599365, 'mean': 0.00678526796400547, 'std': 0.11423031240701675}",
1753387096.0520062,3,12,13,parameter_transfer,"{'norm': 3.3635900020599365, 'mean': 0.00678526796400547, 'std': 0.11423031240701675}",
1753387096.0520315,3,13,12,parameter_transfer,"{'norm': 3.361217498779297, 'mean': 0.00687010632827878, 'std': 0.11414438486099243}",
1753387096.0520315,3,13,14,parameter_transfer,"{'norm': 3.361217498779297, 'mean': 0.00687010632827878, 'std': 0.11414438486099243}",
1753387096.052056,3,14,13,parameter_transfer,"{'norm': 3.3585476875305176, 'mean': 0.007029139902442694, 'std': 0.1140436977148056}",
1753387096.052056,3,14,15,parameter_transfer,"{'norm': 3.3585476875305176, 'mean': 0.007029139902442694, 'std': 0.1140436977148056}",
1753387096.0521188,3,15,14,parameter_transfer,"{'norm': 3.359732151031494, 'mean': 0.007041301112622023, 'std': 0.11408331245183945}",
1753387096.0521188,3,15,16,parameter_transfer,"{'norm': 3.359732151031494, 'mean': 0.007041301112622023, 'std': 0.11408331245183945}",
1753387096.0521462,3,16,15,parameter_transfer,"{'norm': 3.3626585006713867, 'mean': 0.007485867477953434, 'std': 0.11415478587150574}",
1753387096.0521462,3,16,17,parameter_transfer,"{'norm': 3.3626585006713867, 'mean': 0.007485867477953434, 'std': 0.11415478587150574}",
1753387096.0522182,3,17,16,parameter_transfer,"{'norm': 3.3638916015625, 'mean': 0.006859573535621166, 'std': 0.11423615366220474}",
1753387096.0522182,3,17,18,parameter_transfer,"{'norm': 3.3638916015625, 'mean': 0.006859573535621166, 'std': 0.11423615366220474}",
1753387096.052244,3,18,17,parameter_transfer,"{'norm': 3.369600534439087, 'mean': 0.007262458559125662, 'std': 0.11440586298704147}",
1753387096.052244,3,18,19,parameter_transfer,"{'norm': 3.369600534439087, 'mean': 0.007262458559125662, 'std': 0.11440586298704147}",
1753387096.0522687,3,19,18,parameter_transfer,"{'norm': 3.366366147994995, 'mean': 0.007184018846601248, 'std': 0.11430055648088455}",
1753387096.0522687,3,19,0,parameter_transfer,"{'norm': 3.366366147994995, 'mean': 0.007184018846601248, 'std': 0.11430055648088455}",
1753387096.0523005,3,19,0,aggregation,,GossipAvg
1753387096.0523005,3,1,0,aggregation,,GossipAvg
1753387096.0523214,3,0,1,aggregation,,GossipAvg
1753387096.0523214,3,2,1,aggregation,,GossipAvg
1753387096.0523374,3,1,2,aggregation,,GossipAvg
1753387096.0523374,3,3,2,aggregation,,GossipAvg
1753387096.0523503,3,2,3,aggregation,,GossipAvg
1753387096.0523503,3,4,3,aggregation,,GossipAvg
1753387096.0523632,3,3,4,aggregation,,GossipAvg
1753387096.0523632,3,5,4,aggregation,,GossipAvg
1753387096.052376,3,4,5,aggregation,,GossipAvg
1753387096.052376,3,6,5,aggregation,,GossipAvg
1753387096.0523894,3,5,6,aggregation,,GossipAvg
1753387096.0523894,3,7,6,aggregation,,GossipAvg
1753387096.052403,3,6,7,aggregation,,GossipAvg
1753387096.052403,3,8,7,aggregation,,GossipAvg
1753387096.0524158,3,7,8,aggregation,,GossipAvg
1753387096.0524158,3,9,8,aggregation,,GossipAvg
1753387096.0524285,3,8,9,aggregation,,GossipAvg
1753387096.0524285,3,10,9,aggregation,,GossipAvg
1753387096.0524411,3,9,10,aggregation,,GossipAvg
1753387096.0524411,3,11,10,aggregation,,GossipAvg
1753387096.0524547,3,10,11,aggregation,,GossipAvg
1753387096.0524547,3,12,11,aggregation,,GossipAvg
1753387096.052467,3,11,12,aggregation,,GossipAvg
1753387096.052467,3,13,12,aggregation,,GossipAvg
1753387096.0524797,3,12,13,aggregation,,GossipAvg
1753387096.0524797,3,14,13,aggregation,,GossipAvg
1753387096.0524924,3,13,14,aggregation,,GossipAvg
1753387096.0524924,3,15,14,aggregation,,GossipAvg
1753387096.0525033,3,14,15,aggregation,,GossipAvg
1753387096.0525033,3,16,15,aggregation,,GossipAvg
1753387096.0525453,3,15,16,aggregation,,GossipAvg
1753387096.0525453,3,17,16,aggregation,,GossipAvg
1753387096.052562,3,16,17,aggregation,,GossipAvg
1753387096.052562,3,18,17,aggregation,,GossipAvg
1753387096.0525744,3,17,18,aggregation,,GossipAvg
1753387096.0525744,3,19,18,aggregation,,GossipAvg
1753387096.0525868,3,18,19,aggregation,,GossipAvg
1753387096.0525868,3,0,19,aggregation,,GossipAvg
1753387120.5155118,4,0,19,parameter_transfer,"{'norm': 3.362335205078125, 'mean': 0.007081187795847654, 'std': 0.11416956782341003}",
1753387120.5155118,4,0,1,parameter_transfer,"{'norm': 3.362335205078125, 'mean': 0.007081187795847654, 'std': 0.11416956782341003}",
1753387120.5155823,4,1,0,parameter_transfer,"{'norm': 3.3651301860809326, 'mean': 0.006698942743241787, 'std': 0.11428789049386978}",
1753387120.5155823,4,1,2,parameter_transfer,"{'norm': 3.3651301860809326, 'mean': 0.006698942743241787, 'std': 0.11428789049386978}",
1753387120.5156195,4,2,1,parameter_transfer,"{'norm': 3.3607113361358643, 'mean': 0.00678035244345665, 'std': 0.11413250118494034}",
1753387120.5156195,4,2,3,parameter_transfer,"{'norm': 3.3607113361358643, 'mean': 0.00678035244345665, 'std': 0.11413250118494034}",
1753387120.5156517,4,3,2,parameter_transfer,"{'norm': 3.3575661182403564, 'mean': 0.006664580665528774, 'std': 0.11403213441371918}",
1753387120.5156517,4,3,4,parameter_transfer,"{'norm': 3.3575661182403564, 'mean': 0.006664580665528774, 'std': 0.11403213441371918}",
1753387120.5156817,4,4,3,parameter_transfer,"{'norm': 3.374133348464966, 'mean': 0.006860311608761549, 'std': 0.11458516120910645}",
1753387120.5156817,4,4,5,parameter_transfer,"{'norm': 3.374133348464966, 'mean': 0.006860311608761549, 'std': 0.11458516120910645}",
1753387120.5157156,4,5,4,parameter_transfer,"{'norm': 3.364041566848755, 'mean': 0.007160872220993042, 'std': 0.11422277241945267}",
1753387120.5157156,4,5,6,parameter_transfer,"{'norm': 3.364041566848755, 'mean': 0.007160872220993042, 'std': 0.11422277241945267}",
1753387120.5157433,4,6,5,parameter_transfer,"{'norm': 3.3600268363952637, 'mean': 0.007266474887728691, 'std': 0.11407924443483353}",
1753387120.5157433,4,6,7,parameter_transfer,"{'norm': 3.3600268363952637, 'mean': 0.007266474887728691, 'std': 0.11407924443483353}",
1753387120.5157726,4,7,6,parameter_transfer,"{'norm': 3.371659517288208, 'mean': 0.007070714142173529, 'std': 0.11448805034160614}",
1753387120.5157726,4,7,8,parameter_transfer,"{'norm': 3.371659517288208, 'mean': 0.007070714142173529, 'std': 0.11448805034160614}",
1753387120.5157993,4,8,7,parameter_transfer,"{'norm': 3.3783557415008545, 'mean': 0.007026753854006529, 'std': 0.11471899598836899}",
1753387120.5157993,4,8,9,parameter_transfer,"{'norm': 3.3783557415008545, 'mean': 0.007026753854006529, 'std': 0.11471899598836899}",
1753387120.515825,4,9,8,parameter_transfer,"{'norm': 3.362039804458618, 'mean': 0.006935685873031616, 'std': 0.1141684427857399}",
1753387120.515825,4,9,10,parameter_transfer,"{'norm': 3.362039804458618, 'mean': 0.006935685873031616, 'std': 0.1141684427857399}",
1753387120.5158513,4,10,9,parameter_transfer,"{'norm': 3.362318992614746, 'mean': 0.006998395547270775, 'std': 0.11417413502931595}",
1753387120.5158513,4,10,11,parameter_transfer,"{'norm': 3.362318992614746, 'mean': 0.006998395547270775, 'std': 0.11417413502931595}",
1753387120.5158763,4,11,10,parameter_transfer,"{'norm': 3.3612823486328125, 'mean': 0.006853802129626274, 'std': 0.11414757370948792}",
1753387120.5158763,4,11,12,parameter_transfer,"{'norm': 3.3612823486328125, 'mean': 0.006853802129626274, 'std': 0.11414757370948792}",
1753387120.5159032,4,12,11,parameter_transfer,"{'norm': 3.360944986343384, 'mean': 0.006826888304203749, 'std': 0.1141376867890358}",
1753387120.5159032,4,12,13,parameter_transfer,"{'norm': 3.360944986343384, 'mean': 0.006826888304203749, 'std': 0.1141376867890358}",
1753387120.5159297,4,13,12,parameter_transfer,"{'norm': 3.3611016273498535, 'mean': 0.006913263816386461, 'std': 0.11413782089948654}",
1753387120.5159297,4,13,14,parameter_transfer,"{'norm': 3.3611016273498535, 'mean': 0.006913263816386461, 'std': 0.11413782089948654}",
1753387120.515955,4,14,13,parameter_transfer,"{'norm': 3.355497360229492, 'mean': 0.007023134268820286, 'std': 0.11394009739160538}",
1753387120.515955,4,14,15,parameter_transfer,"{'norm': 3.355497360229492, 'mean': 0.007023134268820286, 'std': 0.11394009739160538}",
1753387120.5159817,4,15,14,parameter_transfer,"{'norm': 3.357811450958252, 'mean': 0.007163972593843937, 'std': 0.11401021480560303}",
1753387120.5159817,4,15,16,parameter_transfer,"{'norm': 3.357811450958252, 'mean': 0.007163972593843937, 'std': 0.11401021480560303}",
1753387120.516055,4,16,15,parameter_transfer,"{'norm': 3.362351655960083, 'mean': 0.0073365443386137486, 'std': 0.11415401101112366}",
1753387120.516055,4,16,17,parameter_transfer,"{'norm': 3.362351655960083, 'mean': 0.0073365443386137486, 'std': 0.11415401101112366}",
1753387120.5161235,4,17,16,parameter_transfer,"{'norm': 3.3602631092071533, 'mean': 0.0069990456104278564, 'std': 0.1141040101647377}",
1753387120.5161235,4,17,18,parameter_transfer,"{'norm': 3.3602631092071533, 'mean': 0.0069990456104278564, 'std': 0.1141040101647377}",
1753387120.5161502,4,18,17,parameter_transfer,"{'norm': 3.3788862228393555, 'mean': 0.007377208210527897, 'std': 0.114715076982975}",
1753387120.5161502,4,18,19,parameter_transfer,"{'norm': 3.3788862228393555, 'mean': 0.007377208210527897, 'std': 0.114715076982975}",
1753387120.5161755,4,19,18,parameter_transfer,"{'norm': 3.3620553016662598, 'mean': 0.007155726198107004, 'std': 0.11415538191795349}",
1753387120.5161755,4,19,0,parameter_transfer,"{'norm': 3.3620553016662598, 'mean': 0.007155726198107004, 'std': 0.11415538191795349}",
1753387120.5162077,4,19,0,aggregation,,GossipAvg
1753387120.5162077,4,1,0,aggregation,,GossipAvg
1753387120.5162284,4,0,1,aggregation,,GossipAvg
1753387120.5162284,4,2,1,aggregation,,GossipAvg
1753387120.516243,4,1,2,aggregation,,GossipAvg
1753387120.516243,4,3,2,aggregation,,GossipAvg
1753387120.516257,4,2,3,aggregation,,GossipAvg
1753387120.516257,4,4,3,aggregation,,GossipAvg
1753387120.5162735,4,3,4,aggregation,,GossipAvg
1753387120.5162735,4,5,4,aggregation,,GossipAvg
1753387120.5162866,4,4,5,aggregation,,GossipAvg
1753387120.5162866,4,6,5,aggregation,,GossipAvg
1753387120.5163004,4,5,6,aggregation,,GossipAvg
1753387120.5163004,4,7,6,aggregation,,GossipAvg
1753387120.516314,4,6,7,aggregation,,GossipAvg
1753387120.516314,4,8,7,aggregation,,GossipAvg
1753387120.5163274,4,7,8,aggregation,,GossipAvg
1753387120.5163274,4,9,8,aggregation,,GossipAvg
1753387120.5163438,4,8,9,aggregation,,GossipAvg
1753387120.5163438,4,10,9,aggregation,,GossipAvg
1753387120.5163586,4,9,10,aggregation,,GossipAvg
1753387120.5163586,4,11,10,aggregation,,GossipAvg
1753387120.5163739,4,10,11,aggregation,,GossipAvg
1753387120.5163739,4,12,11,aggregation,,GossipAvg
1753387120.5163865,4,11,12,aggregation,,GossipAvg
1753387120.5163865,4,13,12,aggregation,,GossipAvg
1753387120.5163996,4,12,13,aggregation,,GossipAvg
1753387120.5163996,4,14,13,aggregation,,GossipAvg
1753387120.5164125,4,13,14,aggregation,,GossipAvg
1753387120.5164125,4,15,14,aggregation,,GossipAvg
1753387120.5164573,4,14,15,aggregation,,GossipAvg
1753387120.5164573,4,16,15,aggregation,,GossipAvg
1753387120.5164738,4,15,16,aggregation,,GossipAvg
1753387120.5164738,4,17,16,aggregation,,GossipAvg
1753387120.5164876,4,16,17,aggregation,,GossipAvg
1753387120.5164876,4,18,17,aggregation,,GossipAvg
1753387120.5165017,4,17,18,aggregation,,GossipAvg
1753387120.5165017,4,19,18,aggregation,,GossipAvg
1753387120.516515,4,18,19,aggregation,,GossipAvg
1753387120.516515,4,0,19,aggregation,,GossipAvg
1753387126.9969397,5,0,19,parameter_transfer,"{'norm': 3.366102457046509, 'mean': 0.007038929034024477, 'std': 0.11430060118436813}",
1753387126.9969397,5,0,1,parameter_transfer,"{'norm': 3.366102457046509, 'mean': 0.007038929034024477, 'std': 0.11430060118436813}",
1753387126.9970086,5,1,0,parameter_transfer,"{'norm': 3.3615846633911133, 'mean': 0.006621589418500662, 'std': 0.1141715794801712}",
1753387126.9970086,5,1,2,parameter_transfer,"{'norm': 3.3615846633911133, 'mean': 0.006621589418500662, 'std': 0.1141715794801712}",
1753387126.997043,5,2,1,parameter_transfer,"{'norm': 3.3575589656829834, 'mean': 0.006747617851942778, 'std': 0.1140270009636879}",
1753387126.997043,5,2,3,parameter_transfer,"{'norm': 3.3575589656829834, 'mean': 0.006747617851942778, 'std': 0.1140270009636879}",
1753387126.9971154,5,3,2,parameter_transfer,"{'norm': 3.35979962348938, 'mean': 0.006751426961272955, 'std': 0.11410313844680786}",
1753387126.9971154,5,3,4,parameter_transfer,"{'norm': 3.35979962348938, 'mean': 0.006751426961272955, 'std': 0.11410313844680786}",
1753387126.9971483,5,4,3,parameter_transfer,"{'norm': 3.3630452156066895, 'mean': 0.006925330031663179, 'std': 0.11420334130525589}",
1753387126.9971483,5,4,5,parameter_transfer,"{'norm': 3.3630452156066895, 'mean': 0.006925330031663179, 'std': 0.11420334130525589}",
1753387126.9971755,5,5,4,parameter_transfer,"{'norm': 3.3704538345336914, 'mean': 0.006659666541963816, 'std': 0.11447160691022873}",
1753387126.9971755,5,5,6,parameter_transfer,"{'norm': 3.3704538345336914, 'mean': 0.006659666541963816, 'std': 0.11447160691022873}",
1753387126.9972038,5,6,5,parameter_transfer,"{'norm': 3.3736660480499268, 'mean': 0.0070284646935760975, 'std': 0.11455903947353363}",
1753387126.9972038,5,6,7,parameter_transfer,"{'norm': 3.3736660480499268, 'mean': 0.0070284646935760975, 'std': 0.11455903947353363}",
1753387126.9972298,5,7,6,parameter_transfer,"{'norm': 3.368597984313965, 'mean': 0.007092608138918877, 'std': 0.11438233405351639}",
1753387126.9972298,5,7,8,parameter_transfer,"{'norm': 3.368597984313965, 'mean': 0.007092608138918877, 'std': 0.11438233405351639}",
1753387126.9972556,5,8,7,parameter_transfer,"{'norm': 3.3740391731262207, 'mean': 0.00684086699038744, 'std': 0.11458311975002289}",
1753387126.9972556,5,8,9,parameter_transfer,"{'norm': 3.3740391731262207, 'mean': 0.00684086699038744, 'std': 0.11458311975002289}",
1753387126.9972816,5,9,8,parameter_transfer,"{'norm': 3.364131450653076, 'mean': 0.007001902442425489, 'std': 0.11423569172620773}",
1753387126.9972816,5,9,10,parameter_transfer,"{'norm': 3.364131450653076, 'mean': 0.007001902442425489, 'std': 0.11423569172620773}",
1753387126.9973073,5,10,9,parameter_transfer,"{'norm': 3.361393690109253, 'mean': 0.006952149793505669, 'std': 0.11414541304111481}",
1753387126.9973073,5,10,11,parameter_transfer,"{'norm': 3.361393690109253, 'mean': 0.006952149793505669, 'std': 0.11414541304111481}",
1753387126.9973369,5,11,10,parameter_transfer,"{'norm': 3.354572296142578, 'mean': 0.0065313540399074554, 'std': 0.11393781751394272}",
1753387126.9973369,5,11,12,parameter_transfer,"{'norm': 3.354572296142578, 'mean': 0.0065313540399074554, 'std': 0.11393781751394272}",
1753387126.9973636,5,12,11,parameter_transfer,"{'norm': 3.3686270713806152, 'mean': 0.0065927766263484955, 'std': 0.11441322416067123}",
1753387126.9973636,5,12,13,parameter_transfer,"{'norm': 3.3686270713806152, 'mean': 0.0065927766263484955, 'std': 0.11441322416067123}",
1753387126.9973907,5,13,12,parameter_transfer,"{'norm': 3.357520818710327, 'mean': 0.006924397777765989, 'std': 0.11401510238647461}",
1753387126.9973907,5,13,14,parameter_transfer,"{'norm': 3.357520818710327, 'mean': 0.006924397777765989, 'std': 0.11401510238647461}",
1753387126.9974186,5,14,13,parameter_transfer,"{'norm': 3.3557326793670654, 'mean': 0.00701506482437253, 'std': 0.11394861340522766}",
1753387126.9974186,5,14,15,parameter_transfer,"{'norm': 3.3557326793670654, 'mean': 0.00701506482437253, 'std': 0.11394861340522766}",
1753387126.997444,5,15,14,parameter_transfer,"{'norm': 3.3590071201324463, 'mean': 0.007256291341036558, 'std': 0.11404513567686081}",
1753387126.997444,5,15,16,parameter_transfer,"{'norm': 3.3590071201324463, 'mean': 0.007256291341036558, 'std': 0.11404513567686081}",
1753387126.9975176,5,16,15,parameter_transfer,"{'norm': 3.354475498199463, 'mean': 0.007266332861036062, 'std': 0.11389001458883286}",
1753387126.9975176,5,16,17,parameter_transfer,"{'norm': 3.354475498199463, 'mean': 0.007266332861036062, 'std': 0.11389001458883286}",
1753387126.9975457,5,17,16,parameter_transfer,"{'norm': 3.3671014308929443, 'mean': 0.007173100020736456, 'std': 0.11432629823684692}",
1753387126.9975457,5,17,18,parameter_transfer,"{'norm': 3.3671014308929443, 'mean': 0.007173100020736456, 'std': 0.11432629823684692}",
1753387126.9975703,5,18,17,parameter_transfer,"{'norm': 3.37088680267334, 'mean': 0.007464525755494833, 'std': 0.11443670094013214}",
1753387126.9975703,5,18,19,parameter_transfer,"{'norm': 3.37088680267334, 'mean': 0.007464525755494833, 'std': 0.11443670094013214}",
1753387126.9975967,5,19,18,parameter_transfer,"{'norm': 3.367863416671753, 'mean': 0.007244897074997425, 'std': 0.11434776335954666}",
1753387126.9975967,5,19,0,parameter_transfer,"{'norm': 3.367863416671753, 'mean': 0.007244897074997425, 'std': 0.11434776335954666}",
1753387126.9976268,5,19,0,aggregation,,GossipAvg
1753387126.9976268,5,1,0,aggregation,,GossipAvg
1753387126.9976482,5,0,1,aggregation,,GossipAvg
1753387126.9976482,5,2,1,aggregation,,GossipAvg
1753387126.997662,5,1,2,aggregation,,GossipAvg
1753387126.997662,5,3,2,aggregation,,GossipAvg
1753387126.9976761,5,2,3,aggregation,,GossipAvg
1753387126.9976761,5,4,3,aggregation,,GossipAvg
1753387126.9976892,5,3,4,aggregation,,GossipAvg
1753387126.9976892,5,5,4,aggregation,,GossipAvg
1753387126.9977028,5,4,5,aggregation,,GossipAvg
1753387126.9977028,5,6,5,aggregation,,GossipAvg
1753387126.9977171,5,5,6,aggregation,,GossipAvg
1753387126.9977171,5,7,6,aggregation,,GossipAvg
1753387126.9977303,5,6,7,aggregation,,GossipAvg
1753387126.9977303,5,8,7,aggregation,,GossipAvg
1753387126.997744,5,7,8,aggregation,,GossipAvg
1753387126.997744,5,9,8,aggregation,,GossipAvg
1753387126.9977565,5,8,9,aggregation,,GossipAvg
1753387126.9977565,5,10,9,aggregation,,GossipAvg
1753387126.9977684,5,9,10,aggregation,,GossipAvg
1753387126.9977684,5,11,10,aggregation,,GossipAvg
1753387126.9977806,5,10,11,aggregation,,GossipAvg
1753387126.9977806,5,12,11,aggregation,,GossipAvg
1753387126.997792,5,11,12,aggregation,,GossipAvg
1753387126.997792,5,13,12,aggregation,,GossipAvg
1753387126.9978049,5,12,13,aggregation,,GossipAvg
1753387126.9978049,5,14,13,aggregation,,GossipAvg
1753387126.9978168,5,13,14,aggregation,,GossipAvg
1753387126.9978168,5,15,14,aggregation,,GossipAvg
1753387126.9978638,5,14,15,aggregation,,GossipAvg
1753387126.9978638,5,16,15,aggregation,,GossipAvg
1753387126.997878,5,15,16,aggregation,,GossipAvg
1753387126.997878,5,17,16,aggregation,,GossipAvg
1753387126.9978905,5,16,17,aggregation,,GossipAvg
1753387126.9978905,5,18,17,aggregation,,GossipAvg
1753387126.9979033,5,17,18,aggregation,,GossipAvg
1753387126.9979033,5,19,18,aggregation,,GossipAvg
1753387126.9979167,5,18,19,aggregation,,GossipAvg
1753387126.9979167,5,0,19,aggregation,,GossipAvg
1753387133.9481685,6,0,19,parameter_transfer,"{'norm': 3.362340211868286, 'mean': 0.006894092541188002, 'std': 0.11418120563030243}",
1753387133.9481685,6,0,1,parameter_transfer,"{'norm': 3.362340211868286, 'mean': 0.006894092541188002, 'std': 0.11418120563030243}",
1753387133.9482446,6,1,0,parameter_transfer,"{'norm': 3.3598153591156006, 'mean': 0.006407313980162144, 'std': 0.11412351578474045}",
1753387133.9482446,6,1,2,parameter_transfer,"{'norm': 3.3598153591156006, 'mean': 0.006407313980162144, 'std': 0.11412351578474045}",
1753387133.9482808,6,2,1,parameter_transfer,"{'norm': 3.363738536834717, 'mean': 0.00700761005282402, 'std': 0.11422194540500641}",
1753387133.9482808,6,2,3,parameter_transfer,"{'norm': 3.363738536834717, 'mean': 0.00700761005282402, 'std': 0.11422194540500641}",
1753387133.9483113,6,3,2,parameter_transfer,"{'norm': 3.3600387573242188, 'mean': 0.006814089138060808, 'std': 0.11410755664110184}",
1753387133.9483113,6,3,4,parameter_transfer,"{'norm': 3.3600387573242188, 'mean': 0.006814089138060808, 'std': 0.11410755664110184}",
1753387133.9483416,6,4,3,parameter_transfer,"{'norm': 3.368924140930176, 'mean': 0.006864225957542658, 'std': 0.11440739035606384}",
1753387133.9483416,6,4,5,parameter_transfer,"{'norm': 3.368924140930176, 'mean': 0.006864225957542658, 'std': 0.11440739035606384}",
1753387133.94837,6,5,4,parameter_transfer,"{'norm': 3.367680072784424, 'mean': 0.006843613460659981, 'std': 0.11436623334884644}",
1753387133.94837,6,5,6,parameter_transfer,"{'norm': 3.367680072784424, 'mean': 0.006843613460659981, 'std': 0.11436623334884644}",
1753387133.948398,6,6,5,parameter_transfer,"{'norm': 3.3745927810668945, 'mean': 0.006707278545945883, 'std': 0.11460988223552704}",
1753387133.948398,6,6,7,parameter_transfer,"{'norm': 3.3745927810668945, 'mean': 0.006707278545945883, 'std': 0.11460988223552704}",
1753387133.9484267,6,7,6,parameter_transfer,"{'norm': 3.3787200450897217, 'mean': 0.00703417370095849, 'std': 0.11473095417022705}",
1753387133.9484267,6,7,8,parameter_transfer,"{'norm': 3.3787200450897217, 'mean': 0.00703417370095849, 'std': 0.11473095417022705}",
1753387133.9484546,6,8,7,parameter_transfer,"{'norm': 3.3692007064819336, 'mean': 0.006924196612089872, 'std': 0.11441320180892944}",
1753387133.9484546,6,8,9,parameter_transfer,"{'norm': 3.3692007064819336, 'mean': 0.006924196612089872, 'std': 0.11441320180892944}",
1753387133.9484832,6,9,8,parameter_transfer,"{'norm': 3.3642683029174805, 'mean': 0.006949966307729483, 'std': 0.1142435297369957}",
1753387133.9484832,6,9,10,parameter_transfer,"{'norm': 3.3642683029174805, 'mean': 0.006949966307729483, 'std': 0.1142435297369957}",
1753387133.94851,6,10,9,parameter_transfer,"{'norm': 3.357999801635742, 'mean': 0.006997579708695412, 'std': 0.11402696371078491}",
1753387133.94851,6,10,11,parameter_transfer,"{'norm': 3.357999801635742, 'mean': 0.006997579708695412, 'std': 0.11402696371078491}",
1753387133.9485373,6,11,10,parameter_transfer,"{'norm': 3.367568016052246, 'mean': 0.006677041295915842, 'std': 0.11437226086854935}",
1753387133.9485373,6,11,12,parameter_transfer,"{'norm': 3.367568016052246, 'mean': 0.006677041295915842, 'std': 0.11437226086854935}",
1753387133.948565,6,12,11,parameter_transfer,"{'norm': 3.365412712097168, 'mean': 0.006428169552236795, 'std': 0.11431307345628738}",
1753387133.948565,6,12,13,parameter_transfer,"{'norm': 3.365412712097168, 'mean': 0.006428169552236795, 'std': 0.11431307345628738}",
1753387133.9485905,6,13,12,parameter_transfer,"{'norm': 3.3605589866638184, 'mean': 0.006764570251107216, 'std': 0.1141282394528389}",
1753387133.9485905,6,13,14,parameter_transfer,"{'norm': 3.3605589866638184, 'mean': 0.006764570251107216, 'std': 0.1141282394528389}",
1753387133.948616,6,14,13,parameter_transfer,"{'norm': 3.3566462993621826, 'mean': 0.007005896884948015, 'std': 0.11398031562566757}",
1753387133.948616,6,14,15,parameter_transfer,"{'norm': 3.3566462993621826, 'mean': 0.007005896884948015, 'std': 0.11398031562566757}",
1753387133.9486418,6,15,14,parameter_transfer,"{'norm': 3.354865789413452, 'mean': 0.007150209508836269, 'std': 0.11391066014766693}",
1753387133.9486418,6,15,16,parameter_transfer,"{'norm': 3.354865789413452, 'mean': 0.007150209508836269, 'std': 0.11391066014766693}",
1753387133.9487205,6,16,15,parameter_transfer,"{'norm': 3.356680393218994, 'mean': 0.0072049591690301895, 'std': 0.11396907269954681}",
1753387133.9487205,6,16,17,parameter_transfer,"{'norm': 3.356680393218994, 'mean': 0.0072049591690301895, 'std': 0.11396907269954681}",
1753387133.94875,6,17,16,parameter_transfer,"{'norm': 3.370241641998291, 'mean': 0.007250647526234388, 'std': 0.11442846059799194}",
1753387133.94875,6,17,18,parameter_transfer,"{'norm': 3.370241641998291, 'mean': 0.007250647526234388, 'std': 0.11442846059799194}",
1753387133.9487767,6,18,17,parameter_transfer,"{'norm': 3.3617749214172363, 'mean': 0.007638511713594198, 'std': 0.11411454528570175}",
1753387133.9487767,6,18,19,parameter_transfer,"{'norm': 3.3617749214172363, 'mean': 0.007638511713594198, 'std': 0.11411454528570175}",
1753387133.9488046,6,19,18,parameter_transfer,"{'norm': 3.3665332794189453, 'mean': 0.007264394313097, 'std': 0.1143011748790741}",
1753387133.9488046,6,19,0,parameter_transfer,"{'norm': 3.3665332794189453, 'mean': 0.007264394313097, 'std': 0.1143011748790741}",
1753387133.9488366,6,19,0,aggregation,,GossipAvg
1753387133.9488366,6,1,0,aggregation,,GossipAvg
1753387133.948856,6,0,1,aggregation,,GossipAvg
1753387133.948856,6,2,1,aggregation,,GossipAvg
1753387133.948871,6,1,2,aggregation,,GossipAvg
1753387133.948871,6,3,2,aggregation,,GossipAvg
1753387133.9488869,6,2,3,aggregation,,GossipAvg
1753387133.9488869,6,4,3,aggregation,,GossipAvg
1753387133.9489005,6,3,4,aggregation,,GossipAvg
1753387133.9489005,6,5,4,aggregation,,GossipAvg
1753387133.9489129,6,4,5,aggregation,,GossipAvg
1753387133.9489129,6,6,5,aggregation,,GossipAvg
1753387133.9489262,6,5,6,aggregation,,GossipAvg
1753387133.9489262,6,7,6,aggregation,,GossipAvg
1753387133.9489393,6,6,7,aggregation,,GossipAvg
1753387133.9489393,6,8,7,aggregation,,GossipAvg
1753387133.9489517,6,7,8,aggregation,,GossipAvg
1753387133.9489517,6,9,8,aggregation,,GossipAvg
1753387133.9489675,6,8,9,aggregation,,GossipAvg
1753387133.9489675,6,10,9,aggregation,,GossipAvg
1753387133.9489803,6,9,10,aggregation,,GossipAvg
1753387133.9489803,6,11,10,aggregation,,GossipAvg
1753387133.9489934,6,10,11,aggregation,,GossipAvg
1753387133.9489934,6,12,11,aggregation,,GossipAvg
1753387133.9490066,6,11,12,aggregation,,GossipAvg
1753387133.9490066,6,13,12,aggregation,,GossipAvg
1753387133.9490232,6,12,13,aggregation,,GossipAvg
1753387133.9490232,6,14,13,aggregation,,GossipAvg
1753387133.9490368,6,13,14,aggregation,,GossipAvg
1753387133.9490368,6,15,14,aggregation,,GossipAvg
1753387133.9491482,6,14,15,aggregation,,GossipAvg
1753387133.9491482,6,16,15,aggregation,,GossipAvg
1753387133.9491796,6,15,16,aggregation,,GossipAvg
1753387133.9491796,6,17,16,aggregation,,GossipAvg
1753387133.9491947,6,16,17,aggregation,,GossipAvg
1753387133.9491947,6,18,17,aggregation,,GossipAvg
1753387133.9492085,6,17,18,aggregation,,GossipAvg
1753387133.9492085,6,19,18,aggregation,,GossipAvg
1753387133.949221,6,18,19,aggregation,,GossipAvg
1753387133.949221,6,0,19,aggregation,,GossipAvg
1753387140.4044337,7,0,19,parameter_transfer,"{'norm': 3.360555648803711, 'mean': 0.006738940253853798, 'std': 0.11412964761257172}",
1753387140.4044337,7,0,1,parameter_transfer,"{'norm': 3.360555648803711, 'mean': 0.006738940253853798, 'std': 0.11412964761257172}",
1753387140.4045117,7,1,0,parameter_transfer,"{'norm': 3.3632001876831055, 'mean': 0.006416755728423595, 'std': 0.11423832923173904}",
1753387140.4045117,7,1,2,parameter_transfer,"{'norm': 3.3632001876831055, 'mean': 0.006416755728423595, 'std': 0.11423832923173904}",
1753387140.4045467,7,2,1,parameter_transfer,"{'norm': 3.3640239238739014, 'mean': 0.006880105473101139, 'std': 0.11423942446708679}",
1753387140.4045467,7,2,3,parameter_transfer,"{'norm': 3.3640239238739014, 'mean': 0.006880105473101139, 'std': 0.11423942446708679}",
1753387140.4045765,7,3,2,parameter_transfer,"{'norm': 3.3619167804718018, 'mean': 0.00682857958599925, 'std': 0.11417070776224136}",
1753387140.4045765,7,3,4,parameter_transfer,"{'norm': 3.3619167804718018, 'mean': 0.00682857958599925, 'std': 0.11417070776224136}",
1753387140.4046059,7,4,3,parameter_transfer,"{'norm': 3.364946126937866, 'mean': 0.006844246760010719, 'std': 0.11427301168441772}",
1753387140.4046059,7,4,5,parameter_transfer,"{'norm': 3.364946126937866, 'mean': 0.006844246760010719, 'std': 0.11427301168441772}",
1753387140.4046347,7,5,4,parameter_transfer,"{'norm': 3.376629114151001, 'mean': 0.006530655547976494, 'std': 0.11468946933746338}",
1753387140.4046347,7,5,6,parameter_transfer,"{'norm': 3.376629114151001, 'mean': 0.006530655547976494, 'std': 0.11468946933746338}",
1753387140.4046628,7,6,5,parameter_transfer,"{'norm': 3.3722054958343506, 'mean': 0.006947428919374943, 'std': 0.11451420933008194}",
1753387140.4046628,7,6,7,parameter_transfer,"{'norm': 3.3722054958343506, 'mean': 0.006947428919374943, 'std': 0.11451420933008194}",
1753387140.4046905,7,7,6,parameter_transfer,"{'norm': 3.371999502182007, 'mean': 0.006923613138496876, 'std': 0.11450863629579544}",
1753387140.4046905,7,7,8,parameter_transfer,"{'norm': 3.371999502182007, 'mean': 0.006923613138496876, 'std': 0.11450863629579544}",
1753387140.4047172,7,8,7,parameter_transfer,"{'norm': 3.368894100189209, 'mean': 0.006928891874849796, 'std': 0.11440246552228928}",
1753387140.4047172,7,8,9,parameter_transfer,"{'norm': 3.368894100189209, 'mean': 0.006928891874849796, 'std': 0.11440246552228928}",
1753387140.4047437,7,9,8,parameter_transfer,"{'norm': 3.363684892654419, 'mean': 0.00684501463547349, 'std': 0.11422998458147049}",
1753387140.4047437,7,9,10,parameter_transfer,"{'norm': 3.363684892654419, 'mean': 0.00684501463547349, 'std': 0.11422998458147049}",
1753387140.4047704,7,10,9,parameter_transfer,"{'norm': 3.359816789627075, 'mean': 0.0069866180419921875, 'std': 0.11408956348896027}",
1753387140.4047704,7,10,11,parameter_transfer,"{'norm': 3.359816789627075, 'mean': 0.0069866180419921875, 'std': 0.11408956348896027}",
1753387140.4047966,7,11,10,parameter_transfer,"{'norm': 3.361952543258667, 'mean': 0.0066240946762263775, 'std': 0.11418396979570389}",
1753387140.4047966,7,11,12,parameter_transfer,"{'norm': 3.361952543258667, 'mean': 0.0066240946762263775, 'std': 0.11418396979570389}",
1753387140.4048247,7,12,11,parameter_transfer,"{'norm': 3.3619916439056396, 'mean': 0.006402250379323959, 'std': 0.11419795453548431}",
1753387140.4048247,7,12,13,parameter_transfer,"{'norm': 3.3619916439056396, 'mean': 0.006402250379323959, 'std': 0.11419795453548431}",
1753387140.404851,7,13,12,parameter_transfer,"{'norm': 3.3604061603546143, 'mean': 0.006418248172849417, 'std': 0.11414303630590439}",
1753387140.404851,7,13,14,parameter_transfer,"{'norm': 3.3604061603546143, 'mean': 0.006418248172849417, 'std': 0.11414303630590439}",
1753387140.404877,7,14,13,parameter_transfer,"{'norm': 3.356368064880371, 'mean': 0.006940299645066261, 'std': 0.11397484689950943}",
1753387140.404877,7,14,15,parameter_transfer,"{'norm': 3.356368064880371, 'mean': 0.006940299645066261, 'std': 0.11397484689950943}",
1753387140.404902,7,15,14,parameter_transfer,"{'norm': 3.3588290214538574, 'mean': 0.007158222608268261, 'std': 0.11404524743556976}",
1753387140.404902,7,15,16,parameter_transfer,"{'norm': 3.3588290214538574, 'mean': 0.007158222608268261, 'std': 0.11404524743556976}",
1753387140.4049788,7,16,15,parameter_transfer,"{'norm': 3.3591630458831787, 'mean': 0.007183189038187265, 'std': 0.11405506730079651}",
1753387140.4049788,7,16,17,parameter_transfer,"{'norm': 3.3591630458831787, 'mean': 0.007183189038187265, 'std': 0.11405506730079651}",
1753387140.4050052,7,17,16,parameter_transfer,"{'norm': 3.3630621433258057, 'mean': 0.007457952946424484, 'std': 0.1141703724861145}",
1753387140.4050052,7,17,18,parameter_transfer,"{'norm': 3.3630621433258057, 'mean': 0.007457952946424484, 'std': 0.1141703724861145}",
1753387140.405032,7,18,17,parameter_transfer,"{'norm': 3.3678860664367676, 'mean': 0.00778957037255168, 'std': 0.11431272327899933}",
1753387140.405032,7,18,19,parameter_transfer,"{'norm': 3.3678860664367676, 'mean': 0.00778957037255168, 'std': 0.11431272327899933}",
1753387140.4051046,7,19,18,parameter_transfer,"{'norm': 3.3588669300079346, 'mean': 0.007115010637789965, 'std': 0.11404925584793091}",
1753387140.4051046,7,19,0,parameter_transfer,"{'norm': 3.3588669300079346, 'mean': 0.007115010637789965, 'std': 0.11404925584793091}",
1753387140.4051414,7,19,0,aggregation,,GossipAvg
1753387140.4051414,7,1,0,aggregation,,GossipAvg
1753387140.4051628,7,0,1,aggregation,,GossipAvg
1753387140.4051628,7,2,1,aggregation,,GossipAvg
1753387140.405178,7,1,2,aggregation,,GossipAvg
1753387140.405178,7,3,2,aggregation,,GossipAvg
1753387140.4051917,7,2,3,aggregation,,GossipAvg
1753387140.4051917,7,4,3,aggregation,,GossipAvg
1753387140.4052048,7,3,4,aggregation,,GossipAvg
1753387140.4052048,7,5,4,aggregation,,GossipAvg
1753387140.405218,7,4,5,aggregation,,GossipAvg
1753387140.405218,7,6,5,aggregation,,GossipAvg
1753387140.405232,7,5,6,aggregation,,GossipAvg
1753387140.405232,7,7,6,aggregation,,GossipAvg
1753387140.4052467,7,6,7,aggregation,,GossipAvg
1753387140.4052467,7,8,7,aggregation,,GossipAvg
1753387140.40526,7,7,8,aggregation,,GossipAvg
1753387140.40526,7,9,8,aggregation,,GossipAvg
1753387140.4052734,7,8,9,aggregation,,GossipAvg
1753387140.4052734,7,10,9,aggregation,,GossipAvg
1753387140.4052856,7,9,10,aggregation,,GossipAvg
1753387140.4052856,7,11,10,aggregation,,GossipAvg
1753387140.405299,7,10,11,aggregation,,GossipAvg
1753387140.405299,7,12,11,aggregation,,GossipAvg
1753387140.405313,7,11,12,aggregation,,GossipAvg
1753387140.405313,7,13,12,aggregation,,GossipAvg
1753387140.4053257,7,12,13,aggregation,,GossipAvg
1753387140.4053257,7,14,13,aggregation,,GossipAvg
1753387140.4053385,7,13,14,aggregation,,GossipAvg
1753387140.4053385,7,15,14,aggregation,,GossipAvg
1753387140.4053898,7,14,15,aggregation,,GossipAvg
1753387140.4053898,7,16,15,aggregation,,GossipAvg
1753387140.4054046,7,15,16,aggregation,,GossipAvg
1753387140.4054046,7,17,16,aggregation,,GossipAvg
1753387140.4054172,7,16,17,aggregation,,GossipAvg
1753387140.4054172,7,18,17,aggregation,,GossipAvg
1753387140.4054296,7,17,18,aggregation,,GossipAvg
1753387140.4054296,7,19,18,aggregation,,GossipAvg
1753387140.405442,7,18,19,aggregation,,GossipAvg
1753387140.405442,7,0,19,aggregation,,GossipAvg
1753387147.0692456,8,0,19,parameter_transfer,"{'norm': 3.360170364379883, 'mean': 0.006650129798799753, 'std': 0.11412172764539719}",
1753387147.0692456,8,0,1,parameter_transfer,"{'norm': 3.360170364379883, 'mean': 0.006650129798799753, 'std': 0.11412172764539719}",
1753387147.0693164,8,1,0,parameter_transfer,"{'norm': 3.364086627960205, 'mean': 0.006676508113741875, 'std': 0.11425364017486572}",
1753387147.0693164,8,1,2,parameter_transfer,"{'norm': 3.364086627960205, 'mean': 0.006676508113741875, 'std': 0.11425364017486572}",
1753387147.0693507,8,2,1,parameter_transfer,"{'norm': 3.3630285263061523, 'mean': 0.006577799096703529, 'std': 0.11422330886125565}",
1753387147.0693507,8,2,3,parameter_transfer,"{'norm': 3.3630285263061523, 'mean': 0.006577799096703529, 'std': 0.11422330886125565}",
1753387147.069382,8,3,2,parameter_transfer,"{'norm': 3.3623013496398926, 'mean': 0.00681868102401495, 'std': 0.1141844093799591}",
1753387147.069382,8,3,4,parameter_transfer,"{'norm': 3.3623013496398926, 'mean': 0.00681868102401495, 'std': 0.1141844093799591}",
1753387147.0694115,8,4,3,parameter_transfer,"{'norm': 3.3697128295898438, 'mean': 0.00649544270709157, 'std': 0.11445579677820206}",
1753387147.0694115,8,4,5,parameter_transfer,"{'norm': 3.3697128295898438, 'mean': 0.00649544270709157, 'std': 0.11445579677820206}",
1753387147.0694396,8,5,4,parameter_transfer,"{'norm': 3.370237112045288, 'mean': 0.0065813311375677586, 'std': 0.1144687607884407}",
1753387147.0694396,8,5,6,parameter_transfer,"{'norm': 3.370237112045288, 'mean': 0.0065813311375677586, 'std': 0.1144687607884407}",
1753387147.0694666,8,6,5,parameter_transfer,"{'norm': 3.370274305343628, 'mean': 0.006879009772092104, 'std': 0.11445251852273941}",
1753387147.0694666,8,6,7,parameter_transfer,"{'norm': 3.370274305343628, 'mean': 0.006879009772092104, 'std': 0.11445251852273941}",
1753387147.069493,8,7,6,parameter_transfer,"{'norm': 3.373661994934082, 'mean': 0.006954188924282789, 'std': 0.11456344276666641}",
1753387147.069493,8,7,8,parameter_transfer,"{'norm': 3.373661994934082, 'mean': 0.006954188924282789, 'std': 0.11456344276666641}",
1753387147.0695198,8,8,7,parameter_transfer,"{'norm': 3.3688080310821533, 'mean': 0.006743091158568859, 'std': 0.1144106388092041}",
1753387147.0695198,8,8,9,parameter_transfer,"{'norm': 3.3688080310821533, 'mean': 0.006743091158568859, 'std': 0.1144106388092041}",
1753387147.0695493,8,9,8,parameter_transfer,"{'norm': 3.3655588626861572, 'mean': 0.006966820452362299, 'std': 0.11428648233413696}",
1753387147.0695493,8,9,10,parameter_transfer,"{'norm': 3.3655588626861572, 'mean': 0.006966820452362299, 'std': 0.11428648233413696}",
1753387147.0695763,8,10,9,parameter_transfer,"{'norm': 3.3574509620666504, 'mean': 0.006659456063061953, 'std': 0.11402850598096848}",
1753387147.0695763,8,10,11,parameter_transfer,"{'norm': 3.3574509620666504, 'mean': 0.006659456063061953, 'std': 0.11402850598096848}",
1753387147.069602,8,11,10,parameter_transfer,"{'norm': 3.3590946197509766, 'mean': 0.006590504199266434, 'std': 0.1140885204076767}",
1753387147.069602,8,11,12,parameter_transfer,"{'norm': 3.3590946197509766, 'mean': 0.006590504199266434, 'std': 0.1140885204076767}",
1753387147.0696285,8,12,11,parameter_transfer,"{'norm': 3.3598947525024414, 'mean': 0.006327387411147356, 'std': 0.11413067579269409}",
1753387147.0696285,8,12,13,parameter_transfer,"{'norm': 3.3598947525024414, 'mean': 0.006327387411147356, 'std': 0.11413067579269409}",
1753387147.0696545,8,13,12,parameter_transfer,"{'norm': 3.361370086669922, 'mean': 0.006415829062461853, 'std': 0.11417601257562637}",
1753387147.0696545,8,13,14,parameter_transfer,"{'norm': 3.361370086669922, 'mean': 0.006415829062461853, 'std': 0.11417601257562637}",
1753387147.069681,8,14,13,parameter_transfer,"{'norm': 3.3563990592956543, 'mean': 0.006850475445389748, 'std': 0.11398132890462875}",
1753387147.069681,8,14,15,parameter_transfer,"{'norm': 3.3563990592956543, 'mean': 0.006850475445389748, 'std': 0.11398132890462875}",
1753387147.0697064,8,15,14,parameter_transfer,"{'norm': 3.356938123703003, 'mean': 0.00703206704929471, 'std': 0.11398865282535553}",
1753387147.0697064,8,15,16,parameter_transfer,"{'norm': 3.356938123703003, 'mean': 0.00703206704929471, 'std': 0.11398865282535553}",
1753387147.0697849,8,16,15,parameter_transfer,"{'norm': 3.3584976196289062, 'mean': 0.007225864101201296, 'std': 0.11402969062328339}",
1753387147.0697849,8,16,17,parameter_transfer,"{'norm': 3.3584976196289062, 'mean': 0.007225864101201296, 'std': 0.11402969062328339}",
1753387147.069816,8,17,16,parameter_transfer,"{'norm': 3.36199951171875, 'mean': 0.0075547597371041775, 'std': 0.11412777751684189}",
1753387147.069816,8,17,18,parameter_transfer,"{'norm': 3.36199951171875, 'mean': 0.0075547597371041775, 'std': 0.11412777751684189}",
1753387147.069844,8,18,17,parameter_transfer,"{'norm': 3.360877752304077, 'mean': 0.007399759721010923, 'std': 0.11409968137741089}",
1753387147.069844,8,18,19,parameter_transfer,"{'norm': 3.360877752304077, 'mean': 0.007399759721010923, 'std': 0.11409968137741089}",
1753387147.0698814,8,19,18,parameter_transfer,"{'norm': 3.358633518218994, 'mean': 0.007103652693331242, 'std': 0.1140419989824295}",
1753387147.0698814,8,19,0,parameter_transfer,"{'norm': 3.358633518218994, 'mean': 0.007103652693331242, 'std': 0.1140419989824295}",
1753387147.069913,8,19,0,aggregation,,GossipAvg
1753387147.069913,8,1,0,aggregation,,GossipAvg
1753387147.0699353,8,0,1,aggregation,,GossipAvg
1753387147.0699353,8,2,1,aggregation,,GossipAvg
1753387147.069953,8,1,2,aggregation,,GossipAvg
1753387147.069953,8,3,2,aggregation,,GossipAvg
1753387147.06997,8,2,3,aggregation,,GossipAvg
1753387147.06997,8,4,3,aggregation,,GossipAvg
1753387147.0699854,8,3,4,aggregation,,GossipAvg
1753387147.0699854,8,5,4,aggregation,,GossipAvg
1753387147.0700061,8,4,5,aggregation,,GossipAvg
1753387147.0700061,8,6,5,aggregation,,GossipAvg
1753387147.070025,8,5,6,aggregation,,GossipAvg
1753387147.070025,8,7,6,aggregation,,GossipAvg
1753387147.070042,8,6,7,aggregation,,GossipAvg
1753387147.070042,8,8,7,aggregation,,GossipAvg
1753387147.07006,8,7,8,aggregation,,GossipAvg
1753387147.07006,8,9,8,aggregation,,GossipAvg
1753387147.0700786,8,8,9,aggregation,,GossipAvg
1753387147.0700786,8,10,9,aggregation,,GossipAvg
1753387147.0701241,8,9,10,aggregation,,GossipAvg
1753387147.0701241,8,11,10,aggregation,,GossipAvg
1753387147.07014,8,10,11,aggregation,,GossipAvg
1753387147.07014,8,12,11,aggregation,,GossipAvg
1753387147.0701575,8,11,12,aggregation,,GossipAvg
1753387147.0701575,8,13,12,aggregation,,GossipAvg
1753387147.070175,8,12,13,aggregation,,GossipAvg
1753387147.070175,8,14,13,aggregation,,GossipAvg
1753387147.0701895,8,13,14,aggregation,,GossipAvg
1753387147.0701895,8,15,14,aggregation,,GossipAvg
1753387147.0702443,8,14,15,aggregation,,GossipAvg
1753387147.0702443,8,16,15,aggregation,,GossipAvg
1753387147.0702665,8,15,16,aggregation,,GossipAvg
1753387147.0702665,8,17,16,aggregation,,GossipAvg
1753387147.0702832,8,16,17,aggregation,,GossipAvg
1753387147.0702832,8,18,17,aggregation,,GossipAvg
1753387147.0702972,8,17,18,aggregation,,GossipAvg
1753387147.0702972,8,19,18,aggregation,,GossipAvg
1753387147.0703087,8,18,19,aggregation,,GossipAvg
1753387147.0703087,8,0,19,aggregation,,GossipAvg
1753387155.007363,9,0,19,parameter_transfer,"{'norm': 3.3694238662719727, 'mean': 0.006527709774672985, 'std': 0.11444411426782608}",
1753387155.007363,9,0,1,parameter_transfer,"{'norm': 3.3694238662719727, 'mean': 0.006527709774672985, 'std': 0.11444411426782608}",
1753387155.0074363,9,1,0,parameter_transfer,"{'norm': 3.365212917327881, 'mean': 0.0067064170725643635, 'std': 0.1142902746796608}",
1753387155.0074363,9,1,2,parameter_transfer,"{'norm': 3.365212917327881, 'mean': 0.0067064170725643635, 'std': 0.1142902746796608}",
1753387155.0074716,9,2,1,parameter_transfer,"{'norm': 3.360623359680176, 'mean': 0.006713838316500187, 'std': 0.11413343250751495}",
1753387155.0074716,9,2,3,parameter_transfer,"{'norm': 3.360623359680176, 'mean': 0.006713838316500187, 'std': 0.11413343250751495}",
1753387155.007503,9,3,2,parameter_transfer,"{'norm': 3.363281011581421, 'mean': 0.006682107225060463, 'std': 0.1142258569598198}",
1753387155.007503,9,3,4,parameter_transfer,"{'norm': 3.363281011581421, 'mean': 0.006682107225060463, 'std': 0.1142258569598198}",
1753387155.0075324,9,4,3,parameter_transfer,"{'norm': 3.3730053901672363, 'mean': 0.0065975496545434, 'std': 0.11456216126680374}",
1753387155.0075324,9,4,5,parameter_transfer,"{'norm': 3.3730053901672363, 'mean': 0.0065975496545434, 'std': 0.11456216126680374}",
1753387155.0075607,9,5,4,parameter_transfer,"{'norm': 3.3765342235565186, 'mean': 0.0065565695986151695, 'std': 0.11468476057052612}",
1753387155.0075607,9,5,6,parameter_transfer,"{'norm': 3.3765342235565186, 'mean': 0.0065565695986151695, 'std': 0.11468476057052612}",
1753387155.0075989,9,6,5,parameter_transfer,"{'norm': 3.377697229385376, 'mean': 0.006748198997229338, 'std': 0.11471328139305115}",
1753387155.0075989,9,6,7,parameter_transfer,"{'norm': 3.377697229385376, 'mean': 0.006748198997229338, 'std': 0.11471328139305115}",
1753387155.0076275,9,7,6,parameter_transfer,"{'norm': 3.374061107635498, 'mean': 0.006637815851718187, 'std': 0.11459580808877945}",
1753387155.0076275,9,7,8,parameter_transfer,"{'norm': 3.374061107635498, 'mean': 0.006637815851718187, 'std': 0.11459580808877945}",
1753387155.0076542,9,8,7,parameter_transfer,"{'norm': 3.365910053253174, 'mean': 0.006995328702032566, 'std': 0.11429671943187714}",
1753387155.0076542,9,8,9,parameter_transfer,"{'norm': 3.365910053253174, 'mean': 0.006995328702032566, 'std': 0.11429671943187714}",
1753387155.0076811,9,9,8,parameter_transfer,"{'norm': 3.367337226867676, 'mean': 0.006789678707718849, 'std': 0.11435775458812714}",
1753387155.0076811,9,9,10,parameter_transfer,"{'norm': 3.367337226867676, 'mean': 0.006789678707718849, 'std': 0.11435775458812714}",
1753387155.007733,9,10,9,parameter_transfer,"{'norm': 3.3571369647979736, 'mean': 0.006670038681477308, 'std': 0.11401718109846115}",
1753387155.007733,9,10,11,parameter_transfer,"{'norm': 3.3571369647979736, 'mean': 0.006670038681477308, 'std': 0.11401718109846115}",
1753387155.0077634,9,11,10,parameter_transfer,"{'norm': 3.3639132976531982, 'mean': 0.006588825955986977, 'std': 0.11425282061100006}",
1753387155.0077634,9,11,12,parameter_transfer,"{'norm': 3.3639132976531982, 'mean': 0.006588825955986977, 'std': 0.11425282061100006}",
1753387155.0077915,9,12,11,parameter_transfer,"{'norm': 3.357715606689453, 'mean': 0.006392287090420723, 'std': 0.11405281722545624}",
1753387155.0077915,9,12,13,parameter_transfer,"{'norm': 3.357715606689453, 'mean': 0.006392287090420723, 'std': 0.11405281722545624}",
1753387155.0078213,9,13,12,parameter_transfer,"{'norm': 3.364018440246582, 'mean': 0.006837716791778803, 'std': 0.11424178630113602}",
1753387155.0078213,9,13,14,parameter_transfer,"{'norm': 3.364018440246582, 'mean': 0.006837716791778803, 'std': 0.11424178630113602}",
1753387155.0078514,9,14,13,parameter_transfer,"{'norm': 3.361745834350586, 'mean': 0.006885976530611515, 'std': 0.11416143923997879}",
1753387155.0078514,9,14,15,parameter_transfer,"{'norm': 3.361745834350586, 'mean': 0.006885976530611515, 'std': 0.11416143923997879}",
1753387155.0078847,9,15,14,parameter_transfer,"{'norm': 3.3563485145568848, 'mean': 0.006981269456446171, 'std': 0.11397168785333633}",
1753387155.0078847,9,15,16,parameter_transfer,"{'norm': 3.3563485145568848, 'mean': 0.006981269456446171, 'std': 0.11397168785333633}",
1753387155.0079658,9,16,15,parameter_transfer,"{'norm': 3.3580102920532227, 'mean': 0.007259103003889322, 'std': 0.11401097476482391}",
1753387155.0079658,9,16,17,parameter_transfer,"{'norm': 3.3580102920532227, 'mean': 0.007259103003889322, 'std': 0.11401097476482391}",
1753387155.0079956,9,17,16,parameter_transfer,"{'norm': 3.3584792613983154, 'mean': 0.007392882369458675, 'std': 0.11401836574077606}",
1753387155.0079956,9,17,18,parameter_transfer,"{'norm': 3.3584792613983154, 'mean': 0.007392882369458675, 'std': 0.11401836574077606}",
1753387155.0080214,9,18,17,parameter_transfer,"{'norm': 3.3576388359069824, 'mean': 0.0073269568383693695, 'std': 0.11399396508932114}",
1753387155.0080214,9,18,19,parameter_transfer,"{'norm': 3.3576388359069824, 'mean': 0.0073269568383693695, 'std': 0.11399396508932114}",
1753387155.0080485,9,19,18,parameter_transfer,"{'norm': 3.3565409183502197, 'mean': 0.007040608674287796, 'std': 0.11397458612918854}",
1753387155.0080485,9,19,0,parameter_transfer,"{'norm': 3.3565409183502197, 'mean': 0.007040608674287796, 'std': 0.11397458612918854}",
1753387155.008128,9,19,0,aggregation,,GossipAvg
1753387155.008128,9,1,0,aggregation,,GossipAvg
1753387155.008149,9,0,1,aggregation,,GossipAvg
1753387155.008149,9,2,1,aggregation,,GossipAvg
1753387155.0081658,9,1,2,aggregation,,GossipAvg
1753387155.0081658,9,3,2,aggregation,,GossipAvg
1753387155.0081801,9,2,3,aggregation,,GossipAvg
1753387155.0081801,9,4,3,aggregation,,GossipAvg
1753387155.0081952,9,3,4,aggregation,,GossipAvg
1753387155.0081952,9,5,4,aggregation,,GossipAvg
1753387155.0082092,9,4,5,aggregation,,GossipAvg
1753387155.0082092,9,6,5,aggregation,,GossipAvg
1753387155.008223,9,5,6,aggregation,,GossipAvg
1753387155.008223,9,7,6,aggregation,,GossipAvg
1753387155.0082407,9,6,7,aggregation,,GossipAvg
1753387155.0082407,9,8,7,aggregation,,GossipAvg
1753387155.0082555,9,7,8,aggregation,,GossipAvg
1753387155.0082555,9,9,8,aggregation,,GossipAvg
1753387155.0082705,9,8,9,aggregation,,GossipAvg
1753387155.0082705,9,10,9,aggregation,,GossipAvg
1753387155.0082843,9,9,10,aggregation,,GossipAvg
1753387155.0082843,9,11,10,aggregation,,GossipAvg
1753387155.0082977,9,10,11,aggregation,,GossipAvg
1753387155.0082977,9,12,11,aggregation,,GossipAvg
1753387155.008313,9,11,12,aggregation,,GossipAvg
1753387155.008313,9,13,12,aggregation,,GossipAvg
1753387155.008325,9,12,13,aggregation,,GossipAvg
1753387155.008325,9,14,13,aggregation,,GossipAvg
1753387155.008339,9,13,14,aggregation,,GossipAvg
1753387155.008339,9,15,14,aggregation,,GossipAvg
1753387155.008392,9,14,15,aggregation,,GossipAvg
1753387155.008392,9,16,15,aggregation,,GossipAvg
1753387155.0084085,9,15,16,aggregation,,GossipAvg
1753387155.0084085,9,17,16,aggregation,,GossipAvg
1753387155.008422,9,16,17,aggregation,,GossipAvg
1753387155.008422,9,18,17,aggregation,,GossipAvg
1753387155.008436,9,17,18,aggregation,,GossipAvg
1753387155.008436,9,19,18,aggregation,,GossipAvg
1753387155.0084498,9,18,19,aggregation,,GossipAvg
1753387155.0084498,9,0,19,aggregation,,GossipAvg
1753387162.0152607,10,0,19,parameter_transfer,"{'norm': 3.3641936779022217, 'mean': 0.006167525425553322, 'std': 0.11428588628768921}",
1753387162.0152607,10,0,1,parameter_transfer,"{'norm': 3.3641936779022217, 'mean': 0.006167525425553322, 'std': 0.11428588628768921}",
1753387162.0153303,10,1,0,parameter_transfer,"{'norm': 3.362863063812256, 'mean': 0.006684157531708479, 'std': 0.11421149969100952}",
1753387162.0153303,10,1,2,parameter_transfer,"{'norm': 3.362863063812256, 'mean': 0.006684157531708479, 'std': 0.11421149969100952}",
1753387162.015369,10,2,1,parameter_transfer,"{'norm': 3.369783639907837, 'mean': 0.006735711358487606, 'std': 0.1144443228840828}",
1753387162.015369,10,2,3,parameter_transfer,"{'norm': 3.369783639907837, 'mean': 0.006735711358487606, 'std': 0.1144443228840828}",
1753387162.0154,10,3,2,parameter_transfer,"{'norm': 3.3717081546783447, 'mean': 0.0064348797313869, 'std': 0.11452720314264297}",
1753387162.0154,10,3,4,parameter_transfer,"{'norm': 3.3717081546783447, 'mean': 0.0064348797313869, 'std': 0.11452720314264297}",
1753387162.01543,10,4,3,parameter_transfer,"{'norm': 3.3734829425811768, 'mean': 0.00673635583370924, 'std': 0.11457035690546036}",
1753387162.01543,10,4,5,parameter_transfer,"{'norm': 3.3734829425811768, 'mean': 0.00673635583370924, 'std': 0.11457035690546036}",
1753387162.0154588,10,5,4,parameter_transfer,"{'norm': 3.379986047744751, 'mean': 0.006907931063324213, 'std': 0.11478177458047867}",
1753387162.0154588,10,5,6,parameter_transfer,"{'norm': 3.379986047744751, 'mean': 0.006907931063324213, 'std': 0.11478177458047867}",
1753387162.0154867,10,6,5,parameter_transfer,"{'norm': 3.373117208480835, 'mean': 0.006682399194687605, 'std': 0.1145610511302948}",
1753387162.0154867,10,6,7,parameter_transfer,"{'norm': 3.373117208480835, 'mean': 0.006682399194687605, 'std': 0.1145610511302948}",
1753387162.0155156,10,7,6,parameter_transfer,"{'norm': 3.3647096157073975, 'mean': 0.006677855271846056, 'std': 0.11427479982376099}",
1753387162.0155156,10,7,8,parameter_transfer,"{'norm': 3.3647096157073975, 'mean': 0.006677855271846056, 'std': 0.11427479982376099}",
1753387162.0155418,10,8,7,parameter_transfer,"{'norm': 3.366027593612671, 'mean': 0.006866541225463152, 'std': 0.11430853605270386}",
1753387162.0155418,10,8,9,parameter_transfer,"{'norm': 3.366027593612671, 'mean': 0.006866541225463152, 'std': 0.11430853605270386}",
1753387162.0155697,10,9,8,parameter_transfer,"{'norm': 3.366103410720825, 'mean': 0.00679592601954937, 'std': 0.11431533843278885}",
1753387162.0155697,10,9,10,parameter_transfer,"{'norm': 3.366103410720825, 'mean': 0.00679592601954937, 'std': 0.11431533843278885}",
1753387162.0155976,10,10,9,parameter_transfer,"{'norm': 3.358654737472534, 'mean': 0.0066704838536679745, 'std': 0.1140688806772232}",
1753387162.0155976,10,10,11,parameter_transfer,"{'norm': 3.358654737472534, 'mean': 0.0066704838536679745, 'std': 0.1140688806772232}",
1753387162.0156257,10,11,10,parameter_transfer,"{'norm': 3.3584141731262207, 'mean': 0.006522238254547119, 'std': 0.11406926065683365}",
1753387162.0156257,10,11,12,parameter_transfer,"{'norm': 3.3584141731262207, 'mean': 0.006522238254547119, 'std': 0.11406926065683365}",
1753387162.0156534,10,12,11,parameter_transfer,"{'norm': 3.3588736057281494, 'mean': 0.006557893473654985, 'std': 0.11408286541700363}",
1753387162.0156534,10,12,13,parameter_transfer,"{'norm': 3.3588736057281494, 'mean': 0.006557893473654985, 'std': 0.11408286541700363}",
1753387162.01568,10,13,12,parameter_transfer,"{'norm': 3.359766960144043, 'mean': 0.006732686888426542, 'std': 0.11410313844680786}",
1753387162.01568,10,13,14,parameter_transfer,"{'norm': 3.359766960144043, 'mean': 0.006732686888426542, 'std': 0.11410313844680786}",
1753387162.0157065,10,14,13,parameter_transfer,"{'norm': 3.353563070297241, 'mean': 0.006872553378343582, 'std': 0.1138833537697792}",
1753387162.0157065,10,14,15,parameter_transfer,"{'norm': 3.353563070297241, 'mean': 0.006872553378343582, 'std': 0.1138833537697792}",
1753387162.0157323,10,15,14,parameter_transfer,"{'norm': 3.362856864929199, 'mean': 0.006973775569349527, 'std': 0.11419396847486496}",
1753387162.0157323,10,15,16,parameter_transfer,"{'norm': 3.362856864929199, 'mean': 0.006973775569349527, 'std': 0.11419396847486496}",
1753387162.0158143,10,16,15,parameter_transfer,"{'norm': 3.356840133666992, 'mean': 0.007232310250401497, 'std': 0.11397278308868408}",
1753387162.0158143,10,16,17,parameter_transfer,"{'norm': 3.356840133666992, 'mean': 0.007232310250401497, 'std': 0.11397278308868408}",
1753387162.015845,10,17,16,parameter_transfer,"{'norm': 3.353748321533203, 'mean': 0.007190209347754717, 'std': 0.1138700470328331}",
1753387162.015845,10,17,18,parameter_transfer,"{'norm': 3.353748321533203, 'mean': 0.007190209347754717, 'std': 0.1138700470328331}",
1753387162.0158715,10,18,17,parameter_transfer,"{'norm': 3.366150140762329, 'mean': 0.007185061927884817, 'std': 0.11429312825202942}",
1753387162.0158715,10,18,19,parameter_transfer,"{'norm': 3.366150140762329, 'mean': 0.007185061927884817, 'std': 0.11429312825202942}",
1753387162.015899,10,19,18,parameter_transfer,"{'norm': 3.357133150100708, 'mean': 0.006932702846825123, 'std': 0.11400138586759567}",
1753387162.015899,10,19,0,parameter_transfer,"{'norm': 3.357133150100708, 'mean': 0.006932702846825123, 'std': 0.11400138586759567}",
1753387162.0159304,10,19,0,aggregation,,GossipAvg
1753387162.0159304,10,1,0,aggregation,,GossipAvg
1753387162.0159516,10,0,1,aggregation,,GossipAvg
1753387162.0159516,10,2,1,aggregation,,GossipAvg
1753387162.015967,10,1,2,aggregation,,GossipAvg
1753387162.015967,10,3,2,aggregation,,GossipAvg
1753387162.0159824,10,2,3,aggregation,,GossipAvg
1753387162.0159824,10,4,3,aggregation,,GossipAvg
1753387162.0159962,10,3,4,aggregation,,GossipAvg
1753387162.0159962,10,5,4,aggregation,,GossipAvg
1753387162.0160105,10,4,5,aggregation,,GossipAvg
1753387162.0160105,10,6,5,aggregation,,GossipAvg
1753387162.0160253,10,5,6,aggregation,,GossipAvg
1753387162.0160253,10,7,6,aggregation,,GossipAvg
1753387162.0160394,10,6,7,aggregation,,GossipAvg
1753387162.0160394,10,8,7,aggregation,,GossipAvg
1753387162.0160866,10,7,8,aggregation,,GossipAvg
1753387162.0160866,10,9,8,aggregation,,GossipAvg
1753387162.0161037,10,8,9,aggregation,,GossipAvg
1753387162.0161037,10,10,9,aggregation,,GossipAvg
1753387162.0161188,10,9,10,aggregation,,GossipAvg
1753387162.0161188,10,11,10,aggregation,,GossipAvg
1753387162.0161338,10,10,11,aggregation,,GossipAvg
1753387162.0161338,10,12,11,aggregation,,GossipAvg
1753387162.0161483,10,11,12,aggregation,,GossipAvg
1753387162.0161483,10,13,12,aggregation,,GossipAvg
1753387162.0161617,10,12,13,aggregation,,GossipAvg
1753387162.0161617,10,14,13,aggregation,,GossipAvg
1753387162.0161767,10,13,14,aggregation,,GossipAvg
1753387162.0161767,10,15,14,aggregation,,GossipAvg
1753387162.0162327,10,14,15,aggregation,,GossipAvg
1753387162.0162327,10,16,15,aggregation,,GossipAvg
1753387162.0162501,10,15,16,aggregation,,GossipAvg
1753387162.0162501,10,17,16,aggregation,,GossipAvg
1753387162.0162704,10,16,17,aggregation,,GossipAvg
1753387162.0162704,10,18,17,aggregation,,GossipAvg
1753387162.0162864,10,17,18,aggregation,,GossipAvg
1753387162.0162864,10,19,18,aggregation,,GossipAvg
1753387162.0162992,10,18,19,aggregation,,GossipAvg
1753387162.0162992,10,0,19,aggregation,,GossipAvg
